{
    "1": {
        "ANNUAL REPORT PURSUANT TO SECTION 13 OR 15(d) OF THE SECURITIES EXCHANGE ACT OF 1934 For the Fiscal Year Ended June 30, 2023": ":selected:",
        "TRANSITION REPORT PURSUANT TO SECTION 13 OR 15(d) OF THE SECURITIES EXCHANGE ACT OF 1934": ":unselected:",
        "Commission File Number": "001-37845",
        "(STATE OF INCORPORATION)": "WASHINGTON",
        "(I.R.S. ID)": "91-1144442",
        "Securities registered pursuant to Section 12(g) of the Act:": "None",
        "Yes": ":unselected:",
        "No": ":selected:",
        "Accelerated Filer": ":unselected:",
        "Non-accelerated Filer": ":unselected:",
        "Large Accelerated Filer": ":selected:",
        "Smaller Reporting Company": ":unselected:",
        "Emerging Growth Company": ":unselected:",
        "If an emerging growth company, indicate by check mark if the registrant has elected not to use the extended transition period for complying with any new or revised financial accounting standards provided pursuant to Section 13(a) of the Exchange Act.": ":unselected:",
        "Indicate by check mark whether\nhas filed\nand\nto\nof\neffectiveness of\nunder Section 404(b) of the Sarbanes-Oxley Act (15 U.S.C. 7262(b)) by the registered public accounting firm that prepared or issued its audit report.": ":selected:",
        "If securities are registered pursuant to Section 12(b) of the Act, indicate by check mark whether the financial statements of the registrant included in the filing reflect the correction of an error to previously issued financial statements.": ":unselected:",
        "Indicate by check mark whether any of those error corrections are restatements that required a recovery analysis of incentive-based compensation received by any of the registrant's executive officers during the relevant recovery period pursuant to \u00a7240.10D-1(b).": ":unselected:"
    },
    "2": {},
    "3": {},
    "4": {},
    "5": {},
    "6": {},
    "7": {},
    "8": {},
    "9": {},
    "10": {},
    "11": {},
    "12": {},
    "13": {},
    "14": {},
    "15": {},
    "16": {},
    "17": {},
    "18": {},
    "19": {},
    "20": {},
    "21": {},
    "22": {},
    "23": {},
    "24": {},
    "25": {},
    "26": {},
    "27": {},
    "28": {},
    "29": {},
    "30": {},
    "31": {},
    "32": {},
    "33": {},
    "34": {},
    "35": {},
    "36": {},
    "37": {},
    "38": {
        "Declaration Date": "June 13, 2023",
        "Record Date": "August 17, 2023",
        "Payment Date": "September 14, 2023",
        "Dividend Per Share": "$ 0.68",
        "Amount\n(In millions)": "$ 5,054"
    },
    "39": {},
    "40": {
        "original equipment manufacturer licensing\nCommercial products\ncloud\ncontent\nand news advertising revenue excluding traffic acquisition": "11%."
    },
    "41": {},
    "42": {},
    "43": {},
    "44": {},
    "45": {},
    "46": {},
    "47": {},
    "48": {},
    "49": {
        "Severance, hardware-related impairment, and lease consolidation costs": "0.13",
        "Net income tax benefit related to transfer of intangible properties": "(0.44)",
        "Adjusted net income (non-GAAP)": "$ 73,307\n$ 69,447",
        "Diluted earnings per": "9.68\n9.65",
        "Adjusted diluted earnings per share (non-GAAP)": "9.81\n9.21"
    },
    "50": {},
    "51": {
        "September 30, 2023": "$ 19,673",
        "December 31, 2023": "15,600",
        "March 31, 2024": "10,801",
        "June 30, 2024": "4,827",
        "Thereafter": "2,912",
        "Total": "$ 53,813"
    },
    "52": {},
    "53": {},
    "54": {},
    "55": {},
    "56": {
        "Chief Executive Officer": "Satya Nadella",
        "Executive Vice President and Chief Financial Officer": "Amy E. Hood",
        "Corporate Vice President and Chief Accounting Officer": "Alice L. Jolla\n56"
    },
    "57": {},
    "58": {},
    "59": {},
    "60": {},
    "61": {},
    "62": {},
    "63": {},
    "64": {},
    "65": {},
    "66": {},
    "67": {},
    "68": {},
    "69": {},
    "70": {},
    "71": {},
    "72": {},
    "73": {},
    "74": {},
    "75": {},
    "76": {},
    "77": {},
    "78": {
        "Goodwill (a)": "$ 16,326",
        "Intangible assets": "4,365",
        "Other assets": "42",
        "Other liabilities (b)": "(1,972)",
        "Total": "$ 4,365"
    },
    "79": {
        "Cash and cash equivalents": "$ 766",
        "Goodwill": "5,510",
        "Intangible assets": "1,968",
        "Other assets": "121",
        "Other liabilities": "(244 )",
        "Total": "$ 1,968"
    },
    "80": {},
    "81": {
        "Total": "9,366",
        "Unamortized discount and issuance costs": "(438 )\n(471)"
    },
    "82": {
        "Thereafter": "34,366",
        "Total": "$ 52,866"
    },
    "83": {},
    "84": {},
    "85": {},
    "86": {
        "Balance, beginning of period": "$ 48,408",
        "Deferral of revenue": "123,935",
        "Recognition of unearned revenue": "(118,530)",
        "Balance, end of period": "$ 53,813"
    },
    "87": {},
    "88": {},
    "89": {},
    "90": {},
    "91": {},
    "92": {},
    "93": {},
    "94": {},
    "95": {},
    "96": {},
    "97": {},
    "98": {},
    "99": {},
    "100": {},
    "101": {},
    "102": {},
    "103": {},
    "104": {},
    "105": {},
    "106": {},
    "107": {
        "Consent of Independent Registered Public Accounting": "Firm",
        "Certification of Chief Executive Officer Pursuant": ":selected:",
        "to Section 302 of the Sarbanes-Oxley Act": "of 2002",
        "Certification of Chief Financial Officer Pursuant": ":selected:",
        "to Section 302 of the Sarbanes-Oxley Act of\nCertification of Chief Executive Officer Pursuant": ":selected:",
        "to Section 906 of the Sarbanes-Oxley\n2002\nCertification of Chief Financial Officer Pursuant": ":selected:",
        "to\n906\nInline XBRL Instance Document-the instance": ":selected:",
        "document does not appear in the Interactive Data File as its XBRL tags are embedded within the Inline XBRL document": "101.INS\n101.SCH",
        "Inline XBRL Taxonomy Extension Schema": ":selected:",
        "Inline XBRL Taxonomy Extension Calculation": ":selected:",
        "Linkbase\nInline XBRL Taxonomy Extension Definition": ":selected:",
        "Linkbase\nInline XBRL Taxonomy Extension Label": ":selected:",
        "Linkbase\nInline XBRL Taxonomy Extension Presentation": ":selected:",
        "Linkbase": "101.PRE",
        "Cover page formatted as Inline XBRL and": ":selected:"
    },
    "108": {
        "ITEM 16. FORM 10-K SUMMARY": "108"
    },
    "109": {
        "MICROSOFT CORPORATION": "/s/ ALICE L. JOLLA",
        "Corporate Vice President and Chief Accounting Officer (Principal Accounting Officer)": "Alice L. Jolla",
        "Executive Vice\nand Chief Financial Officer": "Amy E. Hood\n/s/ ALICE L. JOLLA",
        "Corporate Vice President and Chief Accounting Officer": "Alice L. Jolla\n109"
    },
    "110": {},
    "111": {},
    "112": {
        "Chief Executive Officer": "Satya Nadella"
    },
    "113": {
        "Executive Vice President and\nChief Financial Officer": "Amy E. Hood"
    },
    "114": {
        "Chief": "July"
    },
    "115": {},
    "116": {}
}